Filial_ID,Artikel,Bestand,Sicherheitsbestand
DE00,Artikel_001,141,27
DE00,Artikel_002,14,32
DE00,Artikel_003,172,22
DE00,Artikel_004,108,30
DE00,Artikel_005,8,23
DE00,Artikel_006,112,34
DE00,Artikel_007,177,35
DE00,Artikel_008,133,31
DE00,Artikel_009,4,44
DE00,Artikel_010,48,38
DE00,Artikel_011,68,47
DE00,Artikel_012,119,26
DE00,Artikel_013,161,49
DE00,Artikel_014,11,42
DE00,Artikel_015,196,41
DE00,Artikel_016,103,24
DE00,Artikel_017,79,28
DE00,Artikel_018,164,20
DE00,Artikel_019,176,20
DE00,Artikel_020,174,24
DE01,Artikel_001,136,37
DE01,Artikel_002,101,40
DE01,Artikel_003,171,33
DE01,Artikel_004,114,25
DE01,Artikel_005,62,22
DE01,Artikel_006,111,37
DE01,Artikel_007,164,39
DE01,Artikel_008,92,23
DE01,Artikel_009,3,43
DE01,Artikel_010,108,33
DE01,Artikel_011,16,22
DE01,Artikel_012,184,22
DE01,Artikel_013,48,32
DE01,Artikel_014,180,39
DE01,Artikel_015,9,48
DE01,Artikel_016,119,46
DE01,Artikel_017,75,46
DE01,Artikel_018,136,45
DE01,Artikel_019,148,20
DE01,Artikel_020,163,38
DE02,Artikel_001,5,34
DE02,Artikel_002,145,24
DE02,Artikel_003,199,30
DE02,Artikel_004,68,40
DE02,Artikel_005,106,40
DE02,Artikel_006,105,28
DE02,Artikel_007,1,36
DE02,Artikel_008,131,45
DE02,Artikel_009,11,38
DE02,Artikel_010,82,38
DE02,Artikel_011,92,26
DE02,Artikel_012,187,21
DE02,Artikel_013,58,27
DE02,Artikel_014,133,47
DE02,Artikel_015,74,47
DE02,Artikel_016,40,27
DE02,Artikel_017,87,39
DE02,Artikel_018,154,34
DE02,Artikel_019,52,46
DE02,Artikel_020,10,34
DE03,Artikel_001,86,41
DE03,Artikel_002,4,35
DE03,Artikel_003,161,49
DE03,Artikel_004,158,34
DE03,Artikel_005,36,34
DE03,Artikel_006,25,42
DE03,Artikel_007,42,48
DE03,Artikel_008,165,25
DE03,Artikel_009,127,24
DE03,Artikel_010,189,49
DE03,Artikel_011,126,44
DE03,Artikel_012,32,39
DE03,Artikel_013,63,26
DE03,Artikel_014,143,36
DE03,Artikel_015,92,47
DE03,Artikel_016,122,34
DE03,Artikel_017,19,41
DE03,Artikel_018,9,27
DE03,Artikel_019,182,47
DE03,Artikel_020,136,42
DE04,Artikel_001,95,29
DE04,Artikel_002,184,30
DE04,Artikel_003,170,27
DE04,Artikel_004,73,48
DE04,Artikel_005,136,29
DE04,Artikel_006,73,37
DE04,Artikel_007,164,24
DE04,Artikel_008,198,39
DE04,Artikel_009,83,27
DE04,Artikel_010,144,25
DE04,Artikel_011,175,21
DE04,Artikel_012,41,29
DE04,Artikel_013,190,30
DE04,Artikel_014,126,44
DE04,Artikel_015,183,28
DE04,Artikel_016,172,32
DE04,Artikel_017,156,21
DE04,Artikel_018,196,45
DE04,Artikel_019,120,24
DE04,Artikel_020,19,27
DE05,Artikel_001,69,37
DE05,Artikel_002,199,47
DE05,Artikel_003,116,42
DE05,Artikel_004,51,44
DE05,Artikel_005,65,47
DE05,Artikel_006,88,39
DE05,Artikel_007,69,24
DE05,Artikel_008,15,22
DE05,Artikel_009,182,23
DE05,Artikel_010,192,33
DE05,Artikel_011,13,43
DE05,Artikel_012,82,25
DE05,Artikel_013,81,28
DE05,Artikel_014,120,32
DE05,Artikel_015,58,38
DE05,Artikel_016,108,38
DE05,Artikel_017,18,49
DE05,Artikel_018,9,25
DE05,Artikel_019,130,45
DE05,Artikel_020,175,28
DE06,Artikel_001,144,42
DE06,Artikel_002,72,24
DE06,Artikel_003,82,48
DE06,Artikel_004,14,29
DE06,Artikel_005,99,43
DE06,Artikel_006,75,33
DE06,Artikel_007,142,38
DE06,Artikel_008,94,24
DE06,Artikel_009,43,22
DE06,Artikel_010,46,49
DE06,Artikel_011,11,34
DE06,Artikel_012,165,47
DE06,Artikel_013,176,42
DE06,Artikel_014,174,34
DE06,Artikel_015,74,49
DE06,Artikel_016,11,41
DE06,Artikel_017,82,20
DE06,Artikel_018,143,30
DE06,Artikel_019,96,42
DE06,Artikel_020,163,49
DE07,Artikel_001,67,43
DE07,Artikel_002,187,44
DE07,Artikel_003,97,36
DE07,Artikel_004,160,49
DE07,Artikel_005,12,31
DE07,Artikel_006,123,42
DE07,Artikel_007,92,49
DE07,Artikel_008,33,38
DE07,Artikel_009,11,23
DE07,Artikel_010,88,45
DE07,Artikel_011,81,49
DE07,Artikel_012,121,21
DE07,Artikel_013,32,43
DE07,Artikel_014,61,32
DE07,Artikel_015,23,24
DE07,Artikel_016,178,20
DE07,Artikel_017,97,33
DE07,Artikel_018,8,27
DE07,Artikel_019,106,23
DE07,Artikel_020,92,22
DE08,Artikel_001,68,43
DE08,Artikel_002,45,29
DE08,Artikel_003,101,29
DE08,Artikel_004,126,30
DE08,Artikel_005,115,27
DE08,Artikel_006,67,40
DE08,Artikel_007,145,45
DE08,Artikel_008,127,39
DE08,Artikel_009,121,22
DE08,Artikel_010,107,34
DE08,Artikel_011,187,43
DE08,Artikel_012,199,33
DE08,Artikel_013,54,25
DE08,Artikel_014,120,33
DE08,Artikel_015,99,39
DE08,Artikel_016,31,25
DE08,Artikel_017,143,36
DE08,Artikel_018,193,37
DE08,Artikel_019,15,40
DE08,Artikel_020,13,49
DE09,Artikel_001,145,27
DE09,Artikel_002,132,43
DE09,Artikel_003,40,34
DE09,Artikel_004,58,28
DE09,Artikel_005,41,37
DE09,Artikel_006,45,46
DE09,Artikel_007,175,47
DE09,Artikel_008,36,29
DE09,Artikel_009,19,25
DE09,Artikel_010,168,42
DE09,Artikel_011,111,47
DE09,Artikel_012,189,30
DE09,Artikel_013,147,42
DE09,Artikel_014,49,24
DE09,Artikel_015,187,46
DE09,Artikel_016,72,30
DE09,Artikel_017,125,28
DE09,Artikel_018,35,27
DE09,Artikel_019,100,22
DE09,Artikel_020,188,41
ÖS00,Artikel_001,35,48
ÖS00,Artikel_002,111,32
ÖS00,Artikel_003,99,48
ÖS00,Artikel_004,153,27
ÖS00,Artikel_005,72,41
ÖS00,Artikel_006,68,31
ÖS00,Artikel_007,168,23
ÖS00,Artikel_008,157,36
ÖS00,Artikel_009,108,30
ÖS00,Artikel_010,118,36
ÖS00,Artikel_011,157,34
ÖS00,Artikel_012,123,28
ÖS00,Artikel_013,3,31
ÖS00,Artikel_014,162,39
ÖS00,Artikel_015,144,41
ÖS00,Artikel_016,134,26
ÖS00,Artikel_017,116,49
ÖS00,Artikel_018,57,31
ÖS00,Artikel_019,57,40
ÖS00,Artikel_020,105,47
ÖS01,Artikel_001,71,28
ÖS01,Artikel_002,5,38
ÖS01,Artikel_003,85,34
ÖS01,Artikel_004,147,39
ÖS01,Artikel_005,154,26
ÖS01,Artikel_006,117,43
ÖS01,Artikel_007,122,27
ÖS01,Artikel_008,66,30
ÖS01,Artikel_009,99,21
ÖS01,Artikel_010,128,26
ÖS01,Artikel_011,23,31
ÖS01,Artikel_012,62,27
ÖS01,Artikel_013,140,25
ÖS01,Artikel_014,87,39
ÖS01,Artikel_015,23,25
ÖS01,Artikel_016,198,29
ÖS01,Artikel_017,157,26
ÖS01,Artikel_018,87,46
ÖS01,Artikel_019,29,34
ÖS01,Artikel_020,116,21
ÖS02,Artikel_001,7,36
ÖS02,Artikel_002,47,48
ÖS02,Artikel_003,140,37
ÖS02,Artikel_004,148,23
ÖS02,Artikel_005,106,21
ÖS02,Artikel_006,126,39
ÖS02,Artikel_007,150,40
ÖS02,Artikel_008,15,32
ÖS02,Artikel_009,131,21
ÖS02,Artikel_010,113,20
ÖS02,Artikel_011,25,49
ÖS02,Artikel_012,117,25
ÖS02,Artikel_013,147,44
ÖS02,Artikel_014,124,39
ÖS02,Artikel_015,82,46
ÖS02,Artikel_016,137,28
ÖS02,Artikel_017,60,34
ÖS02,Artikel_018,1,36
ÖS02,Artikel_019,134,47
ÖS02,Artikel_020,188,35
ÖS03,Artikel_001,112,46
ÖS03,Artikel_002,0,41
ÖS03,Artikel_003,85,46
ÖS03,Artikel_004,79,47
ÖS03,Artikel_005,52,23
ÖS03,Artikel_006,151,22
ÖS03,Artikel_007,32,36
ÖS03,Artikel_008,68,22
ÖS03,Artikel_009,106,34
ÖS03,Artikel_010,97,44
ÖS03,Artikel_011,58,48
ÖS03,Artikel_012,149,26
ÖS03,Artikel_013,26,20
ÖS03,Artikel_014,199,49
ÖS03,Artikel_015,111,45
ÖS03,Artikel_016,14,23
ÖS03,Artikel_017,108,44
ÖS03,Artikel_018,40,32
ÖS03,Artikel_019,170,31
ÖS03,Artikel_020,195,45
ÖS04,Artikel_001,194,24
ÖS04,Artikel_002,95,45
ÖS04,Artikel_003,3,20
ÖS04,Artikel_004,118,24
ÖS04,Artikel_005,129,33
ÖS04,Artikel_006,74,49
ÖS04,Artikel_007,136,27
ÖS04,Artikel_008,57,26
ÖS04,Artikel_009,62,48
ÖS04,Artikel_010,142,28
ÖS04,Artikel_011,169,37
ÖS04,Artikel_012,93,48
ÖS04,Artikel_013,178,44
ÖS04,Artikel_014,149,21
ÖS04,Artikel_015,21,33
ÖS04,Artikel_016,93,40
ÖS04,Artikel_017,73,24
ÖS04,Artikel_018,196,21
ÖS04,Artikel_019,63,41
ÖS04,Artikel_020,140,26
ÖS05,Artikel_001,154,34
ÖS05,Artikel_002,90,40
ÖS05,Artikel_003,30,34
ÖS05,Artikel_004,120,25
ÖS05,Artikel_005,38,23
ÖS05,Artikel_006,99,20
ÖS05,Artikel_007,10,24
ÖS05,Artikel_008,33,24
ÖS05,Artikel_009,4,39
ÖS05,Artikel_010,62,32
ÖS05,Artikel_011,169,32
ÖS05,Artikel_012,136,24
ÖS05,Artikel_013,165,49
ÖS05,Artikel_014,176,47
ÖS05,Artikel_015,100,47
ÖS05,Artikel_016,120,47
ÖS05,Artikel_017,170,25
ÖS05,Artikel_018,168,31
ÖS05,Artikel_019,156,23
ÖS05,Artikel_020,24,23
ÖS06,Artikel_001,13,46
ÖS06,Artikel_002,61,37
ÖS06,Artikel_003,144,21
ÖS06,Artikel_004,116,38
ÖS06,Artikel_005,156,41
ÖS06,Artikel_006,99,21
ÖS06,Artikel_007,44,26
ÖS06,Artikel_008,27,46
ÖS06,Artikel_009,181,27
ÖS06,Artikel_010,9,40
ÖS06,Artikel_011,34,23
ÖS06,Artikel_012,180,40
ÖS06,Artikel_013,24,39
ÖS06,Artikel_014,198,26
ÖS06,Artikel_015,95,41
ÖS06,Artikel_016,48,44
ÖS06,Artikel_017,5,38
ÖS06,Artikel_018,154,37
ÖS06,Artikel_019,11,47
ÖS06,Artikel_020,18,30
ÖS07,Artikel_001,98,34
ÖS07,Artikel_002,196,23
ÖS07,Artikel_003,96,40
ÖS07,Artikel_004,41,46
ÖS07,Artikel_005,125,32
ÖS07,Artikel_006,29,26
ÖS07,Artikel_007,173,45
ÖS07,Artikel_008,29,46
ÖS07,Artikel_009,108,43
ÖS07,Artikel_010,87,41
ÖS07,Artikel_011,85,24
ÖS07,Artikel_012,89,41
ÖS07,Artikel_013,96,43
ÖS07,Artikel_014,68,43
ÖS07,Artikel_015,98,45
ÖS07,Artikel_016,85,20
ÖS07,Artikel_017,16,39
ÖS07,Artikel_018,189,31
ÖS07,Artikel_019,29,45
ÖS07,Artikel_020,140,25
ÖS08,Artikel_001,194,48
ÖS08,Artikel_002,10,30
ÖS08,Artikel_003,127,47
ÖS08,Artikel_004,59,40
ÖS08,Artikel_005,9,30
ÖS08,Artikel_006,15,39
ÖS08,Artikel_007,169,31
ÖS08,Artikel_008,146,28
ÖS08,Artikel_009,99,45
ÖS08,Artikel_010,14,42
ÖS08,Artikel_011,84,26
ÖS08,Artikel_012,4,38
ÖS08,Artikel_013,85,44
ÖS08,Artikel_014,30,34
ÖS08,Artikel_015,155,25
ÖS08,Artikel_016,179,34
ÖS08,Artikel_017,18,22
ÖS08,Artikel_018,14,37
ÖS08,Artikel_019,87,34
ÖS08,Artikel_020,183,38
ÖS09,Artikel_001,147,24
ÖS09,Artikel_002,8,24
ÖS09,Artikel_003,138,41
ÖS09,Artikel_004,102,46
ÖS09,Artikel_005,1,39
ÖS09,Artikel_006,147,40
ÖS09,Artikel_007,50,37
ÖS09,Artikel_008,157,35
ÖS09,Artikel_009,0,22
ÖS09,Artikel_010,153,28
ÖS09,Artikel_011,112,27
ÖS09,Artikel_012,20,35
ÖS09,Artikel_013,139,23
ÖS09,Artikel_014,36,46
ÖS09,Artikel_015,70,49
ÖS09,Artikel_016,151,37
ÖS09,Artikel_017,181,49
ÖS09,Artikel_018,109,27
ÖS09,Artikel_019,108,47
ÖS09,Artikel_020,3,31
SC00,Artikel_001,66,24
SC00,Artikel_002,3,34
SC00,Artikel_003,155,24
SC00,Artikel_004,136,33
SC00,Artikel_005,122,35
SC00,Artikel_006,194,34
SC00,Artikel_007,125,37
SC00,Artikel_008,49,33
SC00,Artikel_009,24,26
SC00,Artikel_010,25,47
SC00,Artikel_011,51,25
SC00,Artikel_012,153,35
SC00,Artikel_013,53,38
SC00,Artikel_014,168,39
SC00,Artikel_015,128,37
SC00,Artikel_016,20,33
SC00,Artikel_017,109,27
SC00,Artikel_018,152,36
SC00,Artikel_019,17,34
SC00,Artikel_020,41,39
SC01,Artikel_001,15,26
SC01,Artikel_002,94,48
SC01,Artikel_003,80,24
SC01,Artikel_004,145,33
SC01,Artikel_005,94,37
SC01,Artikel_006,145,34
SC01,Artikel_007,152,30
SC01,Artikel_008,25,24
SC01,Artikel_009,143,27
SC01,Artikel_010,76,45
SC01,Artikel_011,95,41
SC01,Artikel_012,154,36
SC01,Artikel_013,46,26
SC01,Artikel_014,122,37
SC01,Artikel_015,45,27
SC01,Artikel_016,1,37
SC01,Artikel_017,35,43
SC01,Artikel_018,118,21
SC01,Artikel_019,41,25
SC01,Artikel_020,138,46
SC02,Artikel_001,179,29
SC02,Artikel_002,48,43
SC02,Artikel_003,103,25
SC02,Artikel_004,127,29
SC02,Artikel_005,29,42
SC02,Artikel_006,27,48
SC02,Artikel_007,178,44
SC02,Artikel_008,26,21
SC02,Artikel_009,51,21
SC02,Artikel_010,159,31
SC02,Artikel_011,131,35
SC02,Artikel_012,97,35
SC02,Artikel_013,187,34
SC02,Artikel_014,109,30
SC02,Artikel_015,14,43
SC02,Artikel_016,101,49
SC02,Artikel_017,183,46
SC02,Artikel_018,143,20
SC02,Artikel_019,152,47
SC02,Artikel_020,42,33
SC03,Artikel_001,175,23
SC03,Artikel_002,13,35
SC03,Artikel_003,142,21
SC03,Artikel_004,144,47
SC03,Artikel_005,179,29
SC03,Artikel_006,16,27
SC03,Artikel_007,1,43
SC03,Artikel_008,64,42
SC03,Artikel_009,118,24
SC03,Artikel_010,98,41
SC03,Artikel_011,106,35
SC03,Artikel_012,116,28
SC03,Artikel_013,163,28
SC03,Artikel_014,141,29
SC03,Artikel_015,21,35
SC03,Artikel_016,168,22
SC03,Artikel_017,155,49
SC03,Artikel_018,156,20
SC03,Artikel_019,155,41
SC03,Artikel_020,31,39
SC04,Artikel_001,10,45
SC04,Artikel_002,158,39
SC04,Artikel_003,83,20
SC04,Artikel_004,196,28
SC04,Artikel_005,66,31
SC04,Artikel_006,187,21
SC04,Artikel_007,94,29
SC04,Artikel_008,134,49
SC04,Artikel_009,53,37
SC04,Artikel_010,12,20
SC04,Artikel_011,134,49
SC04,Artikel_012,10,25
SC04,Artikel_013,20,24
SC04,Artikel_014,105,48
SC04,Artikel_015,34,46
SC04,Artikel_016,46,31
SC04,Artikel_017,36,33
SC04,Artikel_018,43,41
SC04,Artikel_019,138,42
SC04,Artikel_020,54,32
SC05,Artikel_001,9,29
SC05,Artikel_002,116,33
SC05,Artikel_003,79,31
SC05,Artikel_004,182,37
SC05,Artikel_005,159,43
SC05,Artikel_006,195,29
SC05,Artikel_007,96,37
SC05,Artikel_008,110,36
SC05,Artikel_009,84,20
SC05,Artikel_010,122,33
SC05,Artikel_011,107,44
SC05,Artikel_012,122,30
SC05,Artikel_013,146,49
SC05,Artikel_014,88,23
SC05,Artikel_015,112,37
SC05,Artikel_016,195,46
SC05,Artikel_017,160,25
SC05,Artikel_018,6,20
SC05,Artikel_019,101,22
SC05,Artikel_020,86,35
SC06,Artikel_001,58,21
SC06,Artikel_002,179,30
SC06,Artikel_003,7,38
SC06,Artikel_004,87,42
SC06,Artikel_005,52,34
SC06,Artikel_006,27,39
SC06,Artikel_007,141,45
SC06,Artikel_008,185,37
SC06,Artikel_009,56,39
SC06,Artikel_010,36,21
SC06,Artikel_011,161,21
SC06,Artikel_012,57,21
SC06,Artikel_013,72,48
SC06,Artikel_014,107,40
SC06,Artikel_015,181,39
SC06,Artikel_016,113,22
SC06,Artikel_017,29,38
SC06,Artikel_018,106,46
SC06,Artikel_019,185,43
SC06,Artikel_020,151,34
SC07,Artikel_001,149,30
SC07,Artikel_002,92,29
SC07,Artikel_003,186,43
SC07,Artikel_004,82,42
SC07,Artikel_005,132,33
SC07,Artikel_006,168,44
SC07,Artikel_007,52,25
SC07,Artikel_008,0,47
SC07,Artikel_009,75,33
SC07,Artikel_010,3,34
SC07,Artikel_011,80,39
SC07,Artikel_012,11,20
SC07,Artikel_013,76,49
SC07,Artikel_014,133,28
SC07,Artikel_015,49,21
SC07,Artikel_016,5,30
SC07,Artikel_017,89,47
SC07,Artikel_018,76,25
SC07,Artikel_019,75,38
SC07,Artikel_020,17,49
SC08,Artikel_001,146,47
SC08,Artikel_002,11,39
SC08,Artikel_003,86,23
SC08,Artikel_004,185,49
SC08,Artikel_005,21,25
SC08,Artikel_006,172,49
SC08,Artikel_007,41,22
SC08,Artikel_008,136,34
SC08,Artikel_009,157,45
SC08,Artikel_010,93,24
SC08,Artikel_011,121,44
SC08,Artikel_012,21,41
SC08,Artikel_013,124,45
SC08,Artikel_014,180,22
SC08,Artikel_015,18,21
SC08,Artikel_016,141,41
SC08,Artikel_017,140,46
SC08,Artikel_018,191,43
SC08,Artikel_019,199,29
SC08,Artikel_020,65,29
SC09,Artikel_001,33,48
SC09,Artikel_002,153,42
SC09,Artikel_003,35,41
SC09,Artikel_004,8,40
SC09,Artikel_005,41,23
SC09,Artikel_006,66,26
SC09,Artikel_007,22,42
SC09,Artikel_008,15,24
SC09,Artikel_009,12,29
SC09,Artikel_010,58,21
SC09,Artikel_011,179,20
SC09,Artikel_012,197,41
SC09,Artikel_013,18,20
SC09,Artikel_014,27,24
SC09,Artikel_015,75,49
SC09,Artikel_016,18,27
SC09,Artikel_017,41,44
SC09,Artikel_018,34,28
SC09,Artikel_019,38,43
SC09,Artikel_020,37,34
FR00,Artikel_001,108,33
FR00,Artikel_002,164,45
FR00,Artikel_003,124,43
FR00,Artikel_004,59,49
FR00,Artikel_005,30,49
FR00,Artikel_006,65,26
FR00,Artikel_007,157,20
FR00,Artikel_008,111,26
FR00,Artikel_009,110,25
FR00,Artikel_010,146,28
FR00,Artikel_011,85,49
FR00,Artikel_012,133,48
FR00,Artikel_013,164,34
FR00,Artikel_014,198,33
FR00,Artikel_015,147,47
FR00,Artikel_016,29,37
FR00,Artikel_017,190,48
FR00,Artikel_018,184,41
FR00,Artikel_019,87,36
FR00,Artikel_020,17,21
FR01,Artikel_001,60,37
FR01,Artikel_002,77,23
FR01,Artikel_003,134,26
FR01,Artikel_004,64,27
FR01,Artikel_005,115,43
FR01,Artikel_006,159,29
FR01,Artikel_007,136,26
FR01,Artikel_008,130,31
FR01,Artikel_009,68,26
FR01,Artikel_010,139,42
FR01,Artikel_011,88,36
FR01,Artikel_012,77,22
FR01,Artikel_013,191,20
FR01,Artikel_014,85,47
FR01,Artikel_015,57,42
FR01,Artikel_016,17,33
FR01,Artikel_017,120,32
FR01,Artikel_018,43,24
FR01,Artikel_019,2,33
FR01,Artikel_020,134,36
FR02,Artikel_001,197,34
FR02,Artikel_002,82,34
FR02,Artikel_003,166,24
FR02,Artikel_004,78,39
FR02,Artikel_005,108,45
FR02,Artikel_006,166,32
FR02,Artikel_007,76,32
FR02,Artikel_008,150,27
FR02,Artikel_009,31,24
FR02,Artikel_010,3,36
FR02,Artikel_011,83,33
FR02,Artikel_012,74,29
FR02,Artikel_013,96,26
FR02,Artikel_014,197,26
FR02,Artikel_015,183,34
FR02,Artikel_016,165,37
FR02,Artikel_017,1,28
FR02,Artikel_018,101,41
FR02,Artikel_019,87,49
FR02,Artikel_020,3,26
FR03,Artikel_001,56,49
FR03,Artikel_002,171,32
FR03,Artikel_003,156,45
FR03,Artikel_004,35,22
FR03,Artikel_005,112,35
FR03,Artikel_006,146,21
FR03,Artikel_007,141,35
FR03,Artikel_008,112,23
FR03,Artikel_009,103,28
FR03,Artikel_010,111,36
FR03,Artikel_011,34,41
FR03,Artikel_012,148,47
FR03,Artikel_013,144,37
FR03,Artikel_014,81,42
FR03,Artikel_015,133,48
FR03,Artikel_016,62,25
FR03,Artikel_017,124,35
FR03,Artikel_018,95,36
FR03,Artikel_019,131,35
FR03,Artikel_020,57,41
FR04,Artikel_001,154,41
FR04,Artikel_002,84,39
FR04,Artikel_003,86,31
FR04,Artikel_004,15,25
FR04,Artikel_005,6,33
FR04,Artikel_006,2,20
FR04,Artikel_007,48,39
FR04,Artikel_008,35,26
FR04,Artikel_009,28,26
FR04,Artikel_010,131,26
FR04,Artikel_011,167,28
FR04,Artikel_012,149,34
FR04,Artikel_013,131,45
FR04,Artikel_014,120,31
FR04,Artikel_015,22,25
FR04,Artikel_016,131,23
FR04,Artikel_017,17,20
FR04,Artikel_018,31,40
FR04,Artikel_019,165,45
FR04,Artikel_020,40,36
FR05,Artikel_001,84,30
FR05,Artikel_002,92,40
FR05,Artikel_003,168,30
FR05,Artikel_004,95,46
FR05,Artikel_005,131,32
FR05,Artikel_006,60,38
FR05,Artikel_007,162,41
FR05,Artikel_008,90,20
FR05,Artikel_009,48,36
FR05,Artikel_010,102,33
FR05,Artikel_011,164,49
FR05,Artikel_012,141,30
FR05,Artikel_013,91,46
FR05,Artikel_014,61,22
FR05,Artikel_015,197,26
FR05,Artikel_016,18,28
FR05,Artikel_017,97,47
FR05,Artikel_018,127,26
FR05,Artikel_019,9,39
FR05,Artikel_020,174,44
FR06,Artikel_001,150,43
FR06,Artikel_002,58,45
FR06,Artikel_003,82,25
FR06,Artikel_004,147,32
FR06,Artikel_005,43,37
FR06,Artikel_006,47,30
FR06,Artikel_007,0,20
FR06,Artikel_008,191,26
FR06,Artikel_009,94,45
FR06,Artikel_010,198,23
FR06,Artikel_011,173,43
FR06,Artikel_012,68,41
FR06,Artikel_013,107,23
FR06,Artikel_014,194,37
FR06,Artikel_015,186,24
FR06,Artikel_016,185,25
FR06,Artikel_017,45,25
FR06,Artikel_018,22,31
FR06,Artikel_019,155,45
FR06,Artikel_020,60,27
FR07,Artikel_001,182,39
FR07,Artikel_002,33,49
FR07,Artikel_003,100,49
FR07,Artikel_004,17,43
FR07,Artikel_005,162,35
FR07,Artikel_006,36,28
FR07,Artikel_007,133,38
FR07,Artikel_008,127,41
FR07,Artikel_009,90,46
FR07,Artikel_010,38,23
FR07,Artikel_011,143,39
FR07,Artikel_012,112,38
FR07,Artikel_013,91,44
FR07,Artikel_014,16,32
FR07,Artikel_015,129,21
FR07,Artikel_016,87,41
FR07,Artikel_017,54,46
FR07,Artikel_018,3,35
FR07,Artikel_019,122,23
FR07,Artikel_020,139,41
FR08,Artikel_001,59,48
FR08,Artikel_002,188,39
FR08,Artikel_003,45,20
FR08,Artikel_004,48,43
FR08,Artikel_005,145,31
FR08,Artikel_006,73,43
FR08,Artikel_007,16,45
FR08,Artikel_008,106,43
FR08,Artikel_009,88,39
FR08,Artikel_010,70,39
FR08,Artikel_011,156,38
FR08,Artikel_012,177,42
FR08,Artikel_013,117,34
FR08,Artikel_014,158,32
FR08,Artikel_015,55,46
FR08,Artikel_016,18,25
FR08,Artikel_017,155,41
FR08,Artikel_018,155,35
FR08,Artikel_019,113,20
FR08,Artikel_020,113,28
FR09,Artikel_001,172,35
FR09,Artikel_002,114,45
FR09,Artikel_003,86,20
FR09,Artikel_004,189,48
FR09,Artikel_005,199,29
FR09,Artikel_006,130,32
FR09,Artikel_007,83,30
FR09,Artikel_008,115,24
FR09,Artikel_009,172,31
FR09,Artikel_010,47,36
FR09,Artikel_011,13,40
FR09,Artikel_012,44,49
FR09,Artikel_013,11,23
FR09,Artikel_014,82,31
FR09,Artikel_015,152,20
FR09,Artikel_016,169,40
FR09,Artikel_017,188,21
FR09,Artikel_018,100,40
FR09,Artikel_019,25,46
FR09,Artikel_020,16,23
BE00,Artikel_001,38,34
BE00,Artikel_002,32,47
BE00,Artikel_003,188,33
BE00,Artikel_004,89,34
BE00,Artikel_005,129,39
BE00,Artikel_006,89,21
BE00,Artikel_007,175,21
BE00,Artikel_008,175,36
BE00,Artikel_009,17,38
BE00,Artikel_010,131,36
BE00,Artikel_011,160,42
BE00,Artikel_012,180,32
BE00,Artikel_013,70,45
BE00,Artikel_014,190,20
BE00,Artikel_015,103,29
BE00,Artikel_016,94,23
BE00,Artikel_017,88,32
BE00,Artikel_018,113,28
BE00,Artikel_019,39,49
BE00,Artikel_020,101,40
BE01,Artikel_001,82,35
BE01,Artikel_002,160,34
BE01,Artikel_003,197,29
BE01,Artikel_004,36,27
BE01,Artikel_005,128,32
BE01,Artikel_006,153,35
BE01,Artikel_007,112,26
BE01,Artikel_008,46,43
BE01,Artikel_009,109,45
BE01,Artikel_010,155,36
BE01,Artikel_011,184,42
BE01,Artikel_012,70,43
BE01,Artikel_013,109,27
BE01,Artikel_014,172,20
BE01,Artikel_015,3,48
BE01,Artikel_016,60,30
BE01,Artikel_017,104,38
BE01,Artikel_018,85,23
BE01,Artikel_019,128,38
BE01,Artikel_020,50,48
BE02,Artikel_001,146,30
BE02,Artikel_002,69,44
BE02,Artikel_003,38,42
BE02,Artikel_004,0,48
BE02,Artikel_005,24,23
BE02,Artikel_006,108,43
BE02,Artikel_007,107,20
BE02,Artikel_008,39,44
BE02,Artikel_009,20,42
BE02,Artikel_010,170,29
BE02,Artikel_011,65,36
BE02,Artikel_012,123,32
BE02,Artikel_013,90,41
BE02,Artikel_014,112,49
BE02,Artikel_015,9,36
BE02,Artikel_016,179,29
BE02,Artikel_017,46,28
BE02,Artikel_018,45,40
BE02,Artikel_019,102,47
BE02,Artikel_020,67,32
BE03,Artikel_001,181,41
BE03,Artikel_002,67,23
BE03,Artikel_003,104,30
BE03,Artikel_004,128,32
BE03,Artikel_005,58,44
BE03,Artikel_006,136,44
BE03,Artikel_007,81,26
BE03,Artikel_008,153,43
BE03,Artikel_009,48,37
BE03,Artikel_010,64,48
BE03,Artikel_011,8,29
BE03,Artikel_012,111,30
BE03,Artikel_013,95,40
BE03,Artikel_014,35,43
BE03,Artikel_015,159,38
BE03,Artikel_016,199,22
BE03,Artikel_017,131,48
BE03,Artikel_018,61,27
BE03,Artikel_019,118,31
BE03,Artikel_020,68,48
BE04,Artikel_001,93,48
BE04,Artikel_002,98,24
BE04,Artikel_003,3,43
BE04,Artikel_004,42,40
BE04,Artikel_005,57,45
BE04,Artikel_006,143,40
BE04,Artikel_007,17,44
BE04,Artikel_008,94,25
BE04,Artikel_009,122,35
BE04,Artikel_010,18,39
BE04,Artikel_011,47,29
BE04,Artikel_012,153,33
BE04,Artikel_013,81,32
BE04,Artikel_014,172,45
BE04,Artikel_015,14,23
BE04,Artikel_016,145,34
BE04,Artikel_017,101,48
BE04,Artikel_018,14,44
BE04,Artikel_019,64,24
BE04,Artikel_020,104,46
BE05,Artikel_001,173,30
BE05,Artikel_002,101,35
BE05,Artikel_003,182,49
BE05,Artikel_004,40,22
BE05,Artikel_005,16,45
BE05,Artikel_006,117,28
BE05,Artikel_007,100,43
BE05,Artikel_008,191,45
BE05,Artikel_009,94,30
BE05,Artikel_010,101,41
BE05,Artikel_011,130,43
BE05,Artikel_012,125,36
BE05,Artikel_013,155,23
BE05,Artikel_014,167,25
BE05,Artikel_015,56,20
BE05,Artikel_016,174,35
BE05,Artikel_017,161,32
BE05,Artikel_018,31,31
BE05,Artikel_019,96,30
BE05,Artikel_020,35,32
BE06,Artikel_001,56,39
BE06,Artikel_002,152,25
BE06,Artikel_003,164,45
BE06,Artikel_004,131,32
BE06,Artikel_005,25,37
BE06,Artikel_006,12,27
BE06,Artikel_007,178,34
BE06,Artikel_008,124,20
BE06,Artikel_009,169,26
BE06,Artikel_010,127,27
BE06,Artikel_011,115,35
BE06,Artikel_012,55,29
BE06,Artikel_013,35,31
BE06,Artikel_014,95,40
BE06,Artikel_015,79,43
BE06,Artikel_016,47,32
BE06,Artikel_017,57,34
BE06,Artikel_018,199,34
BE06,Artikel_019,148,40
BE06,Artikel_020,134,39
BE07,Artikel_001,18,48
BE07,Artikel_002,85,33
BE07,Artikel_003,37,32
BE07,Artikel_004,43,41
BE07,Artikel_005,198,39
BE07,Artikel_006,34,22
BE07,Artikel_007,110,35
BE07,Artikel_008,172,35
BE07,Artikel_009,193,25
BE07,Artikel_010,80,25
BE07,Artikel_011,23,41
BE07,Artikel_012,177,42
BE07,Artikel_013,107,38
BE07,Artikel_014,56,31
BE07,Artikel_015,122,43
BE07,Artikel_016,85,36
BE07,Artikel_017,65,33
BE07,Artikel_018,91,32
BE07,Artikel_019,101,36
BE07,Artikel_020,72,49
BE08,Artikel_001,13,21
BE08,Artikel_002,187,40
BE08,Artikel_003,162,49
BE08,Artikel_004,166,44
BE08,Artikel_005,171,46
BE08,Artikel_006,98,25
BE08,Artikel_007,130,23
BE08,Artikel_008,111,34
BE08,Artikel_009,128,21
BE08,Artikel_010,64,45
BE08,Artikel_011,17,23
BE08,Artikel_012,133,30
BE08,Artikel_013,171,27
BE08,Artikel_014,29,33
BE08,Artikel_015,73,44
BE08,Artikel_016,30,45
BE08,Artikel_017,182,23
BE08,Artikel_018,78,49
BE08,Artikel_019,47,33
BE08,Artikel_020,110,42
BE09,Artikel_001,16,46
BE09,Artikel_002,107,49
BE09,Artikel_003,190,49
BE09,Artikel_004,141,45
BE09,Artikel_005,170,30
BE09,Artikel_006,128,43
BE09,Artikel_007,147,27
BE09,Artikel_008,7,49
BE09,Artikel_009,125,37
BE09,Artikel_010,76,45
BE09,Artikel_011,125,34
BE09,Artikel_012,82,32
BE09,Artikel_013,175,47
BE09,Artikel_014,153,47
BE09,Artikel_015,136,21
BE09,Artikel_016,52,45
BE09,Artikel_017,105,26
BE09,Artikel_018,136,27
BE09,Artikel_019,153,39
BE09,Artikel_020,114,20
NI00,Artikel_001,160,44
NI00,Artikel_002,179,27
NI00,Artikel_003,131,47
NI00,Artikel_004,53,23
NI00,Artikel_005,97,36
NI00,Artikel_006,103,35
NI00,Artikel_007,133,20
NI00,Artikel_008,132,38
NI00,Artikel_009,145,22
NI00,Artikel_010,97,45
NI00,Artikel_011,1,20
NI00,Artikel_012,34,38
NI00,Artikel_013,67,22
NI00,Artikel_014,71,31
NI00,Artikel_015,28,23
NI00,Artikel_016,77,29
NI00,Artikel_017,112,49
NI00,Artikel_018,113,26
NI00,Artikel_019,140,41
NI00,Artikel_020,56,32
NI01,Artikel_001,181,21
NI01,Artikel_002,199,44
NI01,Artikel_003,117,39
NI01,Artikel_004,74,21
NI01,Artikel_005,43,24
NI01,Artikel_006,52,49
NI01,Artikel_007,93,20
NI01,Artikel_008,75,24
NI01,Artikel_009,128,22
NI01,Artikel_010,24,23
NI01,Artikel_011,72,41
NI01,Artikel_012,112,31
NI01,Artikel_013,114,48
NI01,Artikel_014,194,49
NI01,Artikel_015,126,29
NI01,Artikel_016,147,27
NI01,Artikel_017,194,30
NI01,Artikel_018,14,39
NI01,Artikel_019,155,31
NI01,Artikel_020,34,26
NI02,Artikel_001,181,20
NI02,Artikel_002,169,36
NI02,Artikel_003,37,38
NI02,Artikel_004,63,44
NI02,Artikel_005,107,48
NI02,Artikel_006,123,21
NI02,Artikel_007,82,28
NI02,Artikel_008,133,36
NI02,Artikel_009,1,26
NI02,Artikel_010,133,33
NI02,Artikel_011,145,25
NI02,Artikel_012,75,25
NI02,Artikel_013,149,33
NI02,Artikel_014,12,28
NI02,Artikel_015,113,29
NI02,Artikel_016,9,46
NI02,Artikel_017,13,28
NI02,Artikel_018,136,45
NI02,Artikel_019,184,28
NI02,Artikel_020,34,45
NI03,Artikel_001,168,32
NI03,Artikel_002,105,44
NI03,Artikel_003,66,49
NI03,Artikel_004,28,39
NI03,Artikel_005,67,33
NI03,Artikel_006,108,39
NI03,Artikel_007,38,40
NI03,Artikel_008,70,25
NI03,Artikel_009,182,27
NI03,Artikel_010,197,44
NI03,Artikel_011,131,47
NI03,Artikel_012,161,44
NI03,Artikel_013,21,43
NI03,Artikel_014,45,43
NI03,Artikel_015,183,33
NI03,Artikel_016,154,45
NI03,Artikel_017,115,22
NI03,Artikel_018,143,39
NI03,Artikel_019,103,39
NI03,Artikel_020,14,33
NI04,Artikel_001,109,27
NI04,Artikel_002,23,49
NI04,Artikel_003,79,46
NI04,Artikel_004,43,33
NI04,Artikel_005,72,33
NI04,Artikel_006,178,41
NI04,Artikel_007,159,35
NI04,Artikel_008,114,44
NI04,Artikel_009,176,42
NI04,Artikel_010,36,47
NI04,Artikel_011,2,47
NI04,Artikel_012,58,42
NI04,Artikel_013,32,41
NI04,Artikel_014,38,44
NI04,Artikel_015,62,44
NI04,Artikel_016,102,40
NI04,Artikel_017,186,36
NI04,Artikel_018,102,32
NI04,Artikel_019,187,48
NI04,Artikel_020,108,29
NI05,Artikel_001,191,39
NI05,Artikel_002,165,26
NI05,Artikel_003,90,32
NI05,Artikel_004,86,27
NI05,Artikel_005,12,45
NI05,Artikel_006,137,48
NI05,Artikel_007,90,43
NI05,Artikel_008,131,29
NI05,Artikel_009,30,36
NI05,Artikel_010,135,39
NI05,Artikel_011,36,48
NI05,Artikel_012,147,34
NI05,Artikel_013,50,37
NI05,Artikel_014,57,31
NI05,Artikel_015,97,26
NI05,Artikel_016,10,34
NI05,Artikel_017,11,29
NI05,Artikel_018,53,21
NI05,Artikel_019,157,34
NI05,Artikel_020,135,25
NI06,Artikel_001,99,27
NI06,Artikel_002,21,24
NI06,Artikel_003,19,42
NI06,Artikel_004,117,36
NI06,Artikel_005,118,39
NI06,Artikel_006,193,38
NI06,Artikel_007,141,26
NI06,Artikel_008,184,35
NI06,Artikel_009,9,30
NI06,Artikel_010,149,45
NI06,Artikel_011,132,44
NI06,Artikel_012,23,34
NI06,Artikel_013,87,43
NI06,Artikel_014,153,42
NI06,Artikel_015,97,37
NI06,Artikel_016,170,24
NI06,Artikel_017,133,32
NI06,Artikel_018,24,36
NI06,Artikel_019,143,42
NI06,Artikel_020,183,48
NI07,Artikel_001,63,20
NI07,Artikel_002,123,32
NI07,Artikel_003,108,39
NI07,Artikel_004,25,40
NI07,Artikel_005,49,37
NI07,Artikel_006,154,23
NI07,Artikel_007,162,35
NI07,Artikel_008,28,26
NI07,Artikel_009,61,26
NI07,Artikel_010,126,21
NI07,Artikel_011,175,24
NI07,Artikel_012,116,49
NI07,Artikel_013,7,27
NI07,Artikel_014,42,48
NI07,Artikel_015,179,29
NI07,Artikel_016,0,25
NI07,Artikel_017,6,36
NI07,Artikel_018,183,35
NI07,Artikel_019,173,44
NI07,Artikel_020,23,22
NI08,Artikel_001,41,22
NI08,Artikel_002,43,23
NI08,Artikel_003,107,41
NI08,Artikel_004,118,32
NI08,Artikel_005,23,26
NI08,Artikel_006,146,46
NI08,Artikel_007,90,37
NI08,Artikel_008,145,49
NI08,Artikel_009,155,48
NI08,Artikel_010,72,26
NI08,Artikel_011,102,40
NI08,Artikel_012,172,25
NI08,Artikel_013,134,32
NI08,Artikel_014,88,45
NI08,Artikel_015,69,36
NI08,Artikel_016,118,39
NI08,Artikel_017,145,39
NI08,Artikel_018,39,37
NI08,Artikel_019,46,20
NI08,Artikel_020,160,26
NI09,Artikel_001,111,42
NI09,Artikel_002,13,47
NI09,Artikel_003,171,24
NI09,Artikel_004,70,31
NI09,Artikel_005,164,26
NI09,Artikel_006,155,46
NI09,Artikel_007,6,32
NI09,Artikel_008,120,39
NI09,Artikel_009,144,49
NI09,Artikel_010,164,33
NI09,Artikel_011,178,42
NI09,Artikel_012,56,23
NI09,Artikel_013,48,36
NI09,Artikel_014,34,33
NI09,Artikel_015,180,25
NI09,Artikel_016,120,44
NI09,Artikel_017,9,46
NI09,Artikel_018,112,49
NI09,Artikel_019,1,46
NI09,Artikel_020,119,40
PO00,Artikel_001,143,35
PO00,Artikel_002,130,44
PO00,Artikel_003,17,26
PO00,Artikel_004,41,27
PO00,Artikel_005,159,47
PO00,Artikel_006,49,36
PO00,Artikel_007,2,27
PO00,Artikel_008,115,48
PO00,Artikel_009,126,24
PO00,Artikel_010,184,39
PO00,Artikel_011,171,44
PO00,Artikel_012,197,47
PO00,Artikel_013,22,43
PO00,Artikel_014,137,29
PO00,Artikel_015,160,28
PO00,Artikel_016,145,22
PO00,Artikel_017,96,29
PO00,Artikel_018,26,22
PO00,Artikel_019,61,37
PO00,Artikel_020,6,26
PO01,Artikel_001,9,47
PO01,Artikel_002,26,32
PO01,Artikel_003,67,31
PO01,Artikel_004,194,42
PO01,Artikel_005,47,30
PO01,Artikel_006,66,44
PO01,Artikel_007,153,27
PO01,Artikel_008,70,33
PO01,Artikel_009,97,29
PO01,Artikel_010,194,43
PO01,Artikel_011,91,30
PO01,Artikel_012,178,27
PO01,Artikel_013,147,24
PO01,Artikel_014,125,28
PO01,Artikel_015,12,30
PO01,Artikel_016,121,21
PO01,Artikel_017,130,34
PO01,Artikel_018,96,43
PO01,Artikel_019,123,30
PO01,Artikel_020,194,33
PO02,Artikel_001,116,35
PO02,Artikel_002,104,33
PO02,Artikel_003,96,23
PO02,Artikel_004,150,42
PO02,Artikel_005,54,48
PO02,Artikel_006,53,48
PO02,Artikel_007,64,46
PO02,Artikel_008,50,40
PO02,Artikel_009,127,39
PO02,Artikel_010,90,23
PO02,Artikel_011,31,26
PO02,Artikel_012,56,48
PO02,Artikel_013,173,42
PO02,Artikel_014,121,22
PO02,Artikel_015,78,30
PO02,Artikel_016,51,34
PO02,Artikel_017,88,36
PO02,Artikel_018,178,30
PO02,Artikel_019,83,35
PO02,Artikel_020,163,26
PO03,Artikel_001,138,39
PO03,Artikel_002,55,36
PO03,Artikel_003,169,34
PO03,Artikel_004,5,32
PO03,Artikel_005,34,27
PO03,Artikel_006,70,24
PO03,Artikel_007,177,46
PO03,Artikel_008,143,28
PO03,Artikel_009,74,40
PO03,Artikel_010,59,38
PO03,Artikel_011,45,26
PO03,Artikel_012,139,38
PO03,Artikel_013,20,24
PO03,Artikel_014,5,30
PO03,Artikel_015,25,48
PO03,Artikel_016,53,22
PO03,Artikel_017,138,42
PO03,Artikel_018,24,31
PO03,Artikel_019,64,23
PO03,Artikel_020,179,20
PO04,Artikel_001,197,21
PO04,Artikel_002,108,35
PO04,Artikel_003,141,25
PO04,Artikel_004,112,29
PO04,Artikel_005,188,40
PO04,Artikel_006,117,45
PO04,Artikel_007,62,32
PO04,Artikel_008,44,21
PO04,Artikel_009,182,20
PO04,Artikel_010,61,26
PO04,Artikel_011,140,36
PO04,Artikel_012,72,32
PO04,Artikel_013,15,24
PO04,Artikel_014,181,49
PO04,Artikel_015,166,20
PO04,Artikel_016,103,25
PO04,Artikel_017,139,21
PO04,Artikel_018,160,34
PO04,Artikel_019,80,39
PO04,Artikel_020,162,49
PO05,Artikel_001,122,25
PO05,Artikel_002,41,32
PO05,Artikel_003,80,47
PO05,Artikel_004,6,43
PO05,Artikel_005,132,27
PO05,Artikel_006,60,46
PO05,Artikel_007,64,21
PO05,Artikel_008,195,20
PO05,Artikel_009,92,40
PO05,Artikel_010,169,22
PO05,Artikel_011,193,44
PO05,Artikel_012,5,27
PO05,Artikel_013,162,40
PO05,Artikel_014,18,28
PO05,Artikel_015,160,27
PO05,Artikel_016,37,42
PO05,Artikel_017,161,42
PO05,Artikel_018,173,20
PO05,Artikel_019,6,30
PO05,Artikel_020,111,43
PO06,Artikel_001,129,45
PO06,Artikel_002,145,38
PO06,Artikel_003,105,23
PO06,Artikel_004,55,47
PO06,Artikel_005,31,32
PO06,Artikel_006,69,48
PO06,Artikel_007,9,46
PO06,Artikel_008,167,29
PO06,Artikel_009,33,39
PO06,Artikel_010,110,20
PO06,Artikel_011,87,20
PO06,Artikel_012,56,41
PO06,Artikel_013,175,31
PO06,Artikel_014,31,48
PO06,Artikel_015,107,38
PO06,Artikel_016,172,27
PO06,Artikel_017,1,46
PO06,Artikel_018,182,46
PO06,Artikel_019,32,44
PO06,Artikel_020,104,38
PO07,Artikel_001,13,23
PO07,Artikel_002,193,29
PO07,Artikel_003,58,48
PO07,Artikel_004,14,20
PO07,Artikel_005,28,30
PO07,Artikel_006,111,32
PO07,Artikel_007,122,28
PO07,Artikel_008,46,44
PO07,Artikel_009,57,48
PO07,Artikel_010,84,40
PO07,Artikel_011,85,39
PO07,Artikel_012,81,21
PO07,Artikel_013,59,41
PO07,Artikel_014,83,35
PO07,Artikel_015,47,41
PO07,Artikel_016,188,23
PO07,Artikel_017,25,39
PO07,Artikel_018,149,30
PO07,Artikel_019,19,48
PO07,Artikel_020,47,44
PO08,Artikel_001,94,48
PO08,Artikel_002,150,31
PO08,Artikel_003,60,25
PO08,Artikel_004,79,38
PO08,Artikel_005,12,21
PO08,Artikel_006,178,30
PO08,Artikel_007,0,28
PO08,Artikel_008,137,22
PO08,Artikel_009,7,35
PO08,Artikel_010,163,30
PO08,Artikel_011,39,26
PO08,Artikel_012,174,42
PO08,Artikel_013,187,27
PO08,Artikel_014,73,38
PO08,Artikel_015,164,46
PO08,Artikel_016,94,22
PO08,Artikel_017,166,25
PO08,Artikel_018,9,40
PO08,Artikel_019,156,48
PO08,Artikel_020,147,34
PO09,Artikel_001,65,20
PO09,Artikel_002,11,32
PO09,Artikel_003,107,26
PO09,Artikel_004,166,25
PO09,Artikel_005,172,40
PO09,Artikel_006,168,35
PO09,Artikel_007,90,30
PO09,Artikel_008,61,22
PO09,Artikel_009,8,31
PO09,Artikel_010,124,21
PO09,Artikel_011,18,25
PO09,Artikel_012,89,42
PO09,Artikel_013,17,32
PO09,Artikel_014,173,27
PO09,Artikel_015,168,32
PO09,Artikel_016,125,36
PO09,Artikel_017,101,39
PO09,Artikel_018,73,30
PO09,Artikel_019,137,40
PO09,Artikel_020,165,25
TS00,Artikel_001,174,26
TS00,Artikel_002,11,39
TS00,Artikel_003,104,20
TS00,Artikel_004,91,43
TS00,Artikel_005,175,37
TS00,Artikel_006,22,26
TS00,Artikel_007,71,41
TS00,Artikel_008,142,25
TS00,Artikel_009,155,46
TS00,Artikel_010,126,40
TS00,Artikel_011,26,34
TS00,Artikel_012,55,34
TS00,Artikel_013,124,29
TS00,Artikel_014,141,40
TS00,Artikel_015,13,36
TS00,Artikel_016,106,25
TS00,Artikel_017,27,36
TS00,Artikel_018,164,25
TS00,Artikel_019,66,47
TS00,Artikel_020,32,37
TS01,Artikel_001,11,31
TS01,Artikel_002,178,22
TS01,Artikel_003,102,40
TS01,Artikel_004,11,38
TS01,Artikel_005,94,46
TS01,Artikel_006,116,32
TS01,Artikel_007,18,23
TS01,Artikel_008,131,32
TS01,Artikel_009,83,26
TS01,Artikel_010,133,31
TS01,Artikel_011,75,35
TS01,Artikel_012,108,36
TS01,Artikel_013,135,20
TS01,Artikel_014,120,39
TS01,Artikel_015,102,40
TS01,Artikel_016,89,38
TS01,Artikel_017,12,43
TS01,Artikel_018,137,21
TS01,Artikel_019,94,46
TS01,Artikel_020,185,22
TS02,Artikel_001,171,24
TS02,Artikel_002,4,24
TS02,Artikel_003,70,27
TS02,Artikel_004,55,46
TS02,Artikel_005,50,43
TS02,Artikel_006,169,32
TS02,Artikel_007,33,23
TS02,Artikel_008,161,40
TS02,Artikel_009,2,29
TS02,Artikel_010,106,22
TS02,Artikel_011,36,39
TS02,Artikel_012,133,40
TS02,Artikel_013,44,24
TS02,Artikel_014,2,39
TS02,Artikel_015,60,22
TS02,Artikel_016,159,38
TS02,Artikel_017,142,29
TS02,Artikel_018,56,45
TS02,Artikel_019,69,35
TS02,Artikel_020,110,45
TS03,Artikel_001,129,36
TS03,Artikel_002,175,22
TS03,Artikel_003,147,48
TS03,Artikel_004,93,24
TS03,Artikel_005,108,39
TS03,Artikel_006,59,21
TS03,Artikel_007,186,31
TS03,Artikel_008,80,29
TS03,Artikel_009,150,28
TS03,Artikel_010,72,46
TS03,Artikel_011,80,28
TS03,Artikel_012,173,36
TS03,Artikel_013,112,21
TS03,Artikel_014,14,30
TS03,Artikel_015,117,44
TS03,Artikel_016,168,28
TS03,Artikel_017,13,27
TS03,Artikel_018,75,26
TS03,Artikel_019,66,45
TS03,Artikel_020,2,33
TS04,Artikel_001,131,44
TS04,Artikel_002,123,33
TS04,Artikel_003,13,22
TS04,Artikel_004,140,27
TS04,Artikel_005,183,25
TS04,Artikel_006,129,25
TS04,Artikel_007,115,33
TS04,Artikel_008,30,26
TS04,Artikel_009,90,36
TS04,Artikel_010,34,49
TS04,Artikel_011,173,43
TS04,Artikel_012,64,48
TS04,Artikel_013,89,31
TS04,Artikel_014,98,38
TS04,Artikel_015,107,43
TS04,Artikel_016,173,20
TS04,Artikel_017,191,45
TS04,Artikel_018,100,26
TS04,Artikel_019,57,38
TS04,Artikel_020,25,25
TS05,Artikel_001,116,37
TS05,Artikel_002,74,48
TS05,Artikel_003,92,48
TS05,Artikel_004,194,28
TS05,Artikel_005,56,25
TS05,Artikel_006,72,27
TS05,Artikel_007,90,49
TS05,Artikel_008,33,38
TS05,Artikel_009,68,29
TS05,Artikel_010,21,31
TS05,Artikel_011,156,25
TS05,Artikel_012,109,26
TS05,Artikel_013,96,33
TS05,Artikel_014,12,43
TS05,Artikel_015,93,20
TS05,Artikel_016,83,38
TS05,Artikel_017,82,25
TS05,Artikel_018,87,24
TS05,Artikel_019,149,47
TS05,Artikel_020,21,47
TS06,Artikel_001,144,34
TS06,Artikel_002,134,36
TS06,Artikel_003,189,26
TS06,Artikel_004,28,32
TS06,Artikel_005,199,23
TS06,Artikel_006,103,41
TS06,Artikel_007,15,35
TS06,Artikel_008,85,30
TS06,Artikel_009,186,28
TS06,Artikel_010,59,30
TS06,Artikel_011,196,29
TS06,Artikel_012,57,25
TS06,Artikel_013,111,31
TS06,Artikel_014,39,44
TS06,Artikel_015,57,48
TS06,Artikel_016,172,32
TS06,Artikel_017,47,45
TS06,Artikel_018,10,43
TS06,Artikel_019,22,32
TS06,Artikel_020,32,39
TS07,Artikel_001,115,47
TS07,Artikel_002,114,23
TS07,Artikel_003,178,29
TS07,Artikel_004,51,27
TS07,Artikel_005,8,37
TS07,Artikel_006,193,37
TS07,Artikel_007,167,21
TS07,Artikel_008,21,35
TS07,Artikel_009,100,29
TS07,Artikel_010,104,21
TS07,Artikel_011,175,35
TS07,Artikel_012,48,21
TS07,Artikel_013,100,27
TS07,Artikel_014,55,21
TS07,Artikel_015,107,32
TS07,Artikel_016,175,24
TS07,Artikel_017,139,34
TS07,Artikel_018,92,21
TS07,Artikel_019,31,31
TS07,Artikel_020,150,29
TS08,Artikel_001,71,40
TS08,Artikel_002,139,36
TS08,Artikel_003,102,34
TS08,Artikel_004,97,49
TS08,Artikel_005,37,21
TS08,Artikel_006,109,45
TS08,Artikel_007,39,35
TS08,Artikel_008,18,37
TS08,Artikel_009,183,48
TS08,Artikel_010,108,25
TS08,Artikel_011,188,23
TS08,Artikel_012,84,29
TS08,Artikel_013,174,42
TS08,Artikel_014,171,47
TS08,Artikel_015,115,31
TS08,Artikel_016,189,46
TS08,Artikel_017,6,25
TS08,Artikel_018,196,38
TS08,Artikel_019,109,20
TS08,Artikel_020,151,30
TS09,Artikel_001,22,41
TS09,Artikel_002,99,40
TS09,Artikel_003,109,40
TS09,Artikel_004,81,25
TS09,Artikel_005,90,24
TS09,Artikel_006,48,44
TS09,Artikel_007,38,49
TS09,Artikel_008,42,33
TS09,Artikel_009,181,49
TS09,Artikel_010,94,36
TS09,Artikel_011,1,34
TS09,Artikel_012,98,42
TS09,Artikel_013,133,40
TS09,Artikel_014,40,29
TS09,Artikel_015,180,27
TS09,Artikel_016,166,20
TS09,Artikel_017,137,37
TS09,Artikel_018,111,23
TS09,Artikel_019,49,30
TS09,Artikel_020,135,20
DÄ00,Artikel_001,199,24
DÄ00,Artikel_002,0,22
DÄ00,Artikel_003,26,32
DÄ00,Artikel_004,188,48
DÄ00,Artikel_005,175,42
DÄ00,Artikel_006,171,26
DÄ00,Artikel_007,167,30
DÄ00,Artikel_008,108,30
DÄ00,Artikel_009,99,25
DÄ00,Artikel_010,30,47
DÄ00,Artikel_011,54,43
DÄ00,Artikel_012,61,38
DÄ00,Artikel_013,95,27
DÄ00,Artikel_014,101,36
DÄ00,Artikel_015,177,22
DÄ00,Artikel_016,11,34
DÄ00,Artikel_017,166,32
DÄ00,Artikel_018,93,29
DÄ00,Artikel_019,18,28
DÄ00,Artikel_020,56,47
DÄ01,Artikel_001,59,30
DÄ01,Artikel_002,183,44
DÄ01,Artikel_003,103,28
DÄ01,Artikel_004,131,39
DÄ01,Artikel_005,126,24
DÄ01,Artikel_006,134,28
DÄ01,Artikel_007,67,42
DÄ01,Artikel_008,107,25
DÄ01,Artikel_009,172,28
DÄ01,Artikel_010,120,28
DÄ01,Artikel_011,130,32
DÄ01,Artikel_012,62,25
DÄ01,Artikel_013,118,33
DÄ01,Artikel_014,92,42
DÄ01,Artikel_015,129,25
DÄ01,Artikel_016,6,27
DÄ01,Artikel_017,137,32
DÄ01,Artikel_018,186,20
DÄ01,Artikel_019,36,44
DÄ01,Artikel_020,93,21
DÄ02,Artikel_001,99,43
DÄ02,Artikel_002,75,24
DÄ02,Artikel_003,55,34
DÄ02,Artikel_004,41,45
DÄ02,Artikel_005,48,33
DÄ02,Artikel_006,70,41
DÄ02,Artikel_007,1,42
DÄ02,Artikel_008,66,23
DÄ02,Artikel_009,61,35
DÄ02,Artikel_010,79,46
DÄ02,Artikel_011,85,22
DÄ02,Artikel_012,112,45
DÄ02,Artikel_013,144,41
DÄ02,Artikel_014,179,26
DÄ02,Artikel_015,56,49
DÄ02,Artikel_016,199,38
DÄ02,Artikel_017,198,20
DÄ02,Artikel_018,143,37
DÄ02,Artikel_019,121,27
DÄ02,Artikel_020,102,46
DÄ03,Artikel_001,73,21
DÄ03,Artikel_002,174,33
DÄ03,Artikel_003,129,26
DÄ03,Artikel_004,54,41
DÄ03,Artikel_005,25,31
DÄ03,Artikel_006,68,25
DÄ03,Artikel_007,79,31
DÄ03,Artikel_008,104,39
DÄ03,Artikel_009,107,29
DÄ03,Artikel_010,16,44
DÄ03,Artikel_011,191,43
DÄ03,Artikel_012,138,37
DÄ03,Artikel_013,163,22
DÄ03,Artikel_014,82,25
DÄ03,Artikel_015,86,27
DÄ03,Artikel_016,70,34
DÄ03,Artikel_017,107,34
DÄ03,Artikel_018,8,21
DÄ03,Artikel_019,127,45
DÄ03,Artikel_020,46,37
DÄ04,Artikel_001,63,32
DÄ04,Artikel_002,111,34
DÄ04,Artikel_003,74,22
DÄ04,Artikel_004,124,29
DÄ04,Artikel_005,48,49
DÄ04,Artikel_006,7,24
DÄ04,Artikel_007,84,27
DÄ04,Artikel_008,190,30
DÄ04,Artikel_009,120,45
DÄ04,Artikel_010,120,21
DÄ04,Artikel_011,166,35
DÄ04,Artikel_012,70,23
DÄ04,Artikel_013,95,24
DÄ04,Artikel_014,173,41
DÄ04,Artikel_015,198,32
DÄ04,Artikel_016,81,29
DÄ04,Artikel_017,161,32
DÄ04,Artikel_018,156,49
DÄ04,Artikel_019,174,24
DÄ04,Artikel_020,94,30
DÄ05,Artikel_001,62,25
DÄ05,Artikel_002,50,47
DÄ05,Artikel_003,46,23
DÄ05,Artikel_004,6,42
DÄ05,Artikel_005,30,41
DÄ05,Artikel_006,85,49
DÄ05,Artikel_007,156,36
DÄ05,Artikel_008,42,40
DÄ05,Artikel_009,149,35
DÄ05,Artikel_010,103,35
DÄ05,Artikel_011,111,44
DÄ05,Artikel_012,149,46
DÄ05,Artikel_013,62,23
DÄ05,Artikel_014,89,26
DÄ05,Artikel_015,121,36
DÄ05,Artikel_016,2,36
DÄ05,Artikel_017,167,38
DÄ05,Artikel_018,81,47
DÄ05,Artikel_019,155,40
DÄ05,Artikel_020,142,38
DÄ06,Artikel_001,153,22
DÄ06,Artikel_002,125,35
DÄ06,Artikel_003,14,24
DÄ06,Artikel_004,173,43
DÄ06,Artikel_005,1,46
DÄ06,Artikel_006,163,39
DÄ06,Artikel_007,44,35
DÄ06,Artikel_008,94,49
DÄ06,Artikel_009,122,24
DÄ06,Artikel_010,117,44
DÄ06,Artikel_011,84,31
DÄ06,Artikel_012,121,27
DÄ06,Artikel_013,162,41
DÄ06,Artikel_014,116,27
DÄ06,Artikel_015,154,23
DÄ06,Artikel_016,6,22
DÄ06,Artikel_017,3,43
DÄ06,Artikel_018,7,32
DÄ06,Artikel_019,147,45
DÄ06,Artikel_020,132,33
DÄ07,Artikel_001,68,22
DÄ07,Artikel_002,192,29
DÄ07,Artikel_003,142,36
DÄ07,Artikel_004,75,33
DÄ07,Artikel_005,188,30
DÄ07,Artikel_006,121,34
DÄ07,Artikel_007,90,37
DÄ07,Artikel_008,21,28
DÄ07,Artikel_009,46,40
DÄ07,Artikel_010,2,39
DÄ07,Artikel_011,30,32
DÄ07,Artikel_012,1,34
DÄ07,Artikel_013,6,48
DÄ07,Artikel_014,131,23
DÄ07,Artikel_015,87,29
DÄ07,Artikel_016,148,38
DÄ07,Artikel_017,172,47
DÄ07,Artikel_018,7,29
DÄ07,Artikel_019,144,28
DÄ07,Artikel_020,188,39
DÄ08,Artikel_001,68,45
DÄ08,Artikel_002,98,28
DÄ08,Artikel_003,156,31
DÄ08,Artikel_004,53,20
DÄ08,Artikel_005,120,30
DÄ08,Artikel_006,68,38
DÄ08,Artikel_007,99,31
DÄ08,Artikel_008,15,40
DÄ08,Artikel_009,160,45
DÄ08,Artikel_010,130,42
DÄ08,Artikel_011,88,41
DÄ08,Artikel_012,83,34
DÄ08,Artikel_013,117,23
DÄ08,Artikel_014,34,30
DÄ08,Artikel_015,160,24
DÄ08,Artikel_016,3,45
DÄ08,Artikel_017,179,27
DÄ08,Artikel_018,106,37
DÄ08,Artikel_019,154,29
DÄ08,Artikel_020,122,49
DÄ09,Artikel_001,121,32
DÄ09,Artikel_002,147,35
DÄ09,Artikel_003,176,37
DÄ09,Artikel_004,25,45
DÄ09,Artikel_005,162,47
DÄ09,Artikel_006,64,21
DÄ09,Artikel_007,118,45
DÄ09,Artikel_008,185,25
DÄ09,Artikel_009,49,36
DÄ09,Artikel_010,185,33
DÄ09,Artikel_011,89,40
DÄ09,Artikel_012,95,44
DÄ09,Artikel_013,95,48
DÄ09,Artikel_014,104,41
DÄ09,Artikel_015,62,38
DÄ09,Artikel_016,65,22
DÄ09,Artikel_017,79,35
DÄ09,Artikel_018,32,38
DÄ09,Artikel_019,49,43
DÄ09,Artikel_020,94,29
LU00,Artikel_001,150,36
LU00,Artikel_002,96,24
LU00,Artikel_003,99,43
LU00,Artikel_004,183,38
LU00,Artikel_005,148,26
LU00,Artikel_006,103,38
LU00,Artikel_007,199,45
LU00,Artikel_008,104,38
LU00,Artikel_009,59,37
LU00,Artikel_010,91,45
LU00,Artikel_011,123,20
LU00,Artikel_012,133,26
LU00,Artikel_013,187,48
LU00,Artikel_014,132,46
LU00,Artikel_015,135,25
LU00,Artikel_016,160,44
LU00,Artikel_017,139,24
LU00,Artikel_018,124,24
LU00,Artikel_019,142,36
LU00,Artikel_020,36,38
LU01,Artikel_001,156,22
LU01,Artikel_002,153,27
LU01,Artikel_003,120,32
LU01,Artikel_004,133,22
LU01,Artikel_005,181,43
LU01,Artikel_006,146,32
LU01,Artikel_007,56,30
LU01,Artikel_008,72,38
LU01,Artikel_009,84,44
LU01,Artikel_010,173,31
LU01,Artikel_011,156,20
LU01,Artikel_012,64,36
LU01,Artikel_013,126,23
LU01,Artikel_014,27,30
LU01,Artikel_015,49,31
LU01,Artikel_016,82,39
LU01,Artikel_017,17,21
LU01,Artikel_018,106,34
LU01,Artikel_019,110,25
LU01,Artikel_020,67,31
LU02,Artikel_001,22,47
LU02,Artikel_002,39,21
LU02,Artikel_003,47,21
LU02,Artikel_004,91,49
LU02,Artikel_005,185,21
LU02,Artikel_006,56,28
LU02,Artikel_007,28,45
LU02,Artikel_008,123,39
LU02,Artikel_009,97,38
LU02,Artikel_010,7,48
LU02,Artikel_011,106,27
LU02,Artikel_012,143,47
LU02,Artikel_013,157,42
LU02,Artikel_014,92,39
LU02,Artikel_015,80,45
LU02,Artikel_016,184,34
LU02,Artikel_017,38,48
LU02,Artikel_018,32,33
LU02,Artikel_019,30,35
LU02,Artikel_020,20,22
LU03,Artikel_001,177,38
LU03,Artikel_002,133,47
LU03,Artikel_003,89,28
LU03,Artikel_004,140,45
LU03,Artikel_005,171,34
LU03,Artikel_006,31,46
LU03,Artikel_007,102,31
LU03,Artikel_008,80,32
LU03,Artikel_009,182,48
LU03,Artikel_010,176,48
LU03,Artikel_011,39,37
LU03,Artikel_012,161,36
LU03,Artikel_013,88,31
LU03,Artikel_014,142,49
LU03,Artikel_015,106,43
LU03,Artikel_016,8,27
LU03,Artikel_017,147,44
LU03,Artikel_018,110,43
LU03,Artikel_019,48,45
LU03,Artikel_020,13,24
LU04,Artikel_001,125,35
LU04,Artikel_002,56,48
LU04,Artikel_003,59,27
LU04,Artikel_004,80,41
LU04,Artikel_005,42,41
LU04,Artikel_006,81,46
LU04,Artikel_007,63,21
LU04,Artikel_008,0,41
LU04,Artikel_009,63,28
LU04,Artikel_010,71,40
LU04,Artikel_011,23,21
LU04,Artikel_012,58,25
LU04,Artikel_013,161,43
LU04,Artikel_014,113,24
LU04,Artikel_015,108,47
LU04,Artikel_016,182,42
LU04,Artikel_017,35,27
LU04,Artikel_018,93,42
LU04,Artikel_019,137,40
LU04,Artikel_020,173,39
LU05,Artikel_001,189,21
LU05,Artikel_002,131,43
LU05,Artikel_003,10,41
LU05,Artikel_004,104,37
LU05,Artikel_005,188,42
LU05,Artikel_006,125,36
LU05,Artikel_007,29,46
LU05,Artikel_008,87,44
LU05,Artikel_009,29,26
LU05,Artikel_010,73,47
LU05,Artikel_011,138,28
LU05,Artikel_012,163,35
LU05,Artikel_013,179,24
LU05,Artikel_014,75,29
LU05,Artikel_015,141,39
LU05,Artikel_016,19,31
LU05,Artikel_017,99,39
LU05,Artikel_018,24,28
LU05,Artikel_019,109,24
LU05,Artikel_020,90,21
LU06,Artikel_001,139,47
LU06,Artikel_002,43,32
LU06,Artikel_003,84,30
LU06,Artikel_004,54,27
LU06,Artikel_005,123,40
LU06,Artikel_006,11,28
LU06,Artikel_007,43,30
LU06,Artikel_008,18,48
LU06,Artikel_009,59,27
LU06,Artikel_010,154,44
LU06,Artikel_011,198,40
LU06,Artikel_012,120,46
LU06,Artikel_013,13,48
LU06,Artikel_014,151,47
LU06,Artikel_015,151,41
LU06,Artikel_016,129,39
LU06,Artikel_017,94,31
LU06,Artikel_018,192,47
LU06,Artikel_019,57,40
LU06,Artikel_020,93,29
LU07,Artikel_001,0,41
LU07,Artikel_002,105,27
LU07,Artikel_003,140,33
LU07,Artikel_004,192,25
LU07,Artikel_005,191,31
LU07,Artikel_006,51,34
LU07,Artikel_007,110,44
LU07,Artikel_008,79,43
LU07,Artikel_009,83,30
LU07,Artikel_010,107,46
LU07,Artikel_011,97,48
LU07,Artikel_012,85,49
LU07,Artikel_013,2,36
LU07,Artikel_014,125,33
LU07,Artikel_015,90,26
LU07,Artikel_016,109,28
LU07,Artikel_017,30,48
LU07,Artikel_018,191,29
LU07,Artikel_019,57,30
LU07,Artikel_020,159,49
LU08,Artikel_001,82,48
LU08,Artikel_002,155,32
LU08,Artikel_003,137,35
LU08,Artikel_004,158,29
LU08,Artikel_005,73,47
LU08,Artikel_006,11,20
LU08,Artikel_007,155,37
LU08,Artikel_008,179,47
LU08,Artikel_009,27,30
LU08,Artikel_010,191,33
LU08,Artikel_011,7,49
LU08,Artikel_012,99,22
LU08,Artikel_013,136,34
LU08,Artikel_014,62,27
LU08,Artikel_015,76,41
LU08,Artikel_016,120,43
LU08,Artikel_017,198,32
LU08,Artikel_018,133,29
LU08,Artikel_019,178,47
LU08,Artikel_020,74,48
LU09,Artikel_001,15,41
LU09,Artikel_002,191,40
LU09,Artikel_003,54,48
LU09,Artikel_004,77,42
LU09,Artikel_005,187,28
LU09,Artikel_006,8,25
LU09,Artikel_007,101,48
LU09,Artikel_008,145,43
LU09,Artikel_009,50,36
LU09,Artikel_010,20,38
LU09,Artikel_011,61,42
LU09,Artikel_012,90,40
LU09,Artikel_013,74,45
LU09,Artikel_014,116,41
LU09,Artikel_015,138,30
LU09,Artikel_016,120,38
LU09,Artikel_017,135,46
LU09,Artikel_018,150,35
LU09,Artikel_019,120,40
LU09,Artikel_020,39,28
